query	title	description	id
Algebra videos	Algebra Introduction - Basic Overview - Online Crash Course Review Video Tutorial Lessons	This math video tutorial provides a basic overview of concepts covered in a typical high school algebra 1 & 2 course or a college algebra course. This video ...	grnP3mduZkM
Algebra videos	Algebra Basics: What Is Algebra? - Math Antics	This video gives an overview of Algebra and introduces the concepts of unknown values and variables. It also explains that multiplication is implicit in Algebra.	NybHckSEQBI
Algebra videos	Quick Math Review to Prep for Algebra 1	This is 1 of 4 videos I custom made for an educator in California for an experimental 1-week video homework program. I have only edited the beginning and ...	6KtQrCP01OE
Algebra videos	Algebra - Completing the square	Hi Algebrinos! As we progress with our problem solving prowess, we include solving by using the nifty method of solving quadratic equations titled, "Completing ...	DJMH2F3GuIc
Algebra videos	Algebra Basics: Solving Basic Equations Part 1 - Math Antics	This video shows students how to solve simple 1-step Algebra equations involving only addition or subtraction. Part of the Algebra Basics Series: ...	l3XzepN03KQ
Algebra videos	Algebra Basics: What Are Polynomials? - Math Antics	This video introduces students to polynomials and terms. Part of the Algebra Basics Series: ...	ffLLmV4mZwU
Algebra videos	Basic Algebra Lessons for Beginners üòä (P1) -- Build a Strong Foundation and Pass any Test with Ease	Master Algebra the easiest way without even Learning anything math. Go to http://ultimate-algebra.com and get the complete course and more. Follow the steps ...	V3dFHt9p5W8
Algebra videos	Algebra Basics: The Distributive Property - Math Antics	This video introduces the Distributive Property in its general algebraic form: a(b + c) = ab + ac It shows how this patten is helpful when working with polynomials.	v-6MShC82ow
Algebra videos	Algebra 25 - Linear Equations in the Real World	Linear equations can be used to solve many types of real-world problems. In this episode, the water depth of a pool is shown to be a linear function of time and ...	8eXb-6wQUks
What are some SAT math hacks?	SAT Math Hacks: Tips and Tricks to Destroy the Math Section!	Hack your way to a better score on the Math section of the SAT!!! Here are some tips to help you improve your score from SAT perfect scorer and tutor Brooke ...	Rqmtjl_c-uo
What are some SAT math hacks?	SAT Algebra Hack: Combining Like Terms	SAT: Study and Triumph | Being able to simplify algebraic expressions is CRUCIAL to preparing for the SAT math section, and one way you can do this is to ...	xfEyUWwZTIA
What are some SAT math hacks?	Calculator Tricks to Use on the SAT	SAT: Study and Triumph | The calculator is allowed on some portions of the SAT Math Section, and while this news may cause some of you to jump for joy, keep ...	lt2iVVMhHPc
What are some SAT math hacks?	SAT Math Tips, Tricks and Strategies - Part I	SAT Math Prep, Tricks, Strategies and Tips https://www.youtube.com/user/radicalprep?sub_confirmation=1 Numerous explanations and practice problems.	SloQxSB0eIM
What are some SAT math hacks?	SAT Algebra Hack: Just Multiply by 1	SAT: Study and Triumph | You may know that the SAT Math Section will ask you to solve difficult problems involving fractions, but did you know that some of ...	0mxPVCeB6m4
What are some SAT math hacks?	5 ACT Math Hacks!! Best Tips, Tricks, & Strategies to ACE the TEST from a perfect scorer!	Studying for the upcoming ACT exam? Click here to sign up for our Video Explanations for The Official ACT Prep Guide 2016-2017, which comes with a free ...	mHX9yKFBQsM
What are some SAT math hacks?	How to CRAM for the NEW SAT!! Tips, Tricks, and Strategies for Last Minute Prep Before the Big Test	Looking for last minute SAT test tips? Procrastinators take heart! This video will walk you through MUST KNOW tips if you're a day (or a week) before the big test!	hxwv_BHABAE
What are some SAT math hacks?	SAT Calculator Hacks: TI-84 Tips & Tricks	Looking for a quick way to improve your SAT math score? These calculators tricks will save you time on the test and make your life easier! Check out the blog ...	jxNuBiCeSGk
What are some SAT math hacks?	3 SAT Math Strategies to Raise Your SAT Score	Learn the top three SAT math strategies to raise your SAT score. The SAT math test is not a "normal" math test, so you shouldn't take it in a normal way.	pXFrzULJc7Y
What are some SAT math hacks?	3 Ways To Cheat On Any Test!!!	The following are 3 simple tricks you can do to pass any test, you'll need a few school supplies which you might already have. If you like this video please ...	N9BhVTRDPVc
I want to learn to solve complicated questions	How To Solve Any Physics Problem	Learn five simple steps in five minutes! In this episode we cover the most effective problem-solving method I've encountered and call upon some fuzzy friends to ...	YocWuzi4JhY
I want to learn to solve complicated questions	Algebra Shortcut Trick  - how to solve equations instantly	Solve algebra equations easily with no problem - OK, maybe in about 7 seconds! This fast math trick for instant calculation will have you correctly answering ...	3H7385duSpA
I want to learn to solve complicated questions	10 Hardest Choices Ever (Personality Test)	10 Hardest Choices Ever (Personality Test) If you want to know more about your personality, this is the test. Hopefully you won't ever have to face these choices ...	qSdHxtg0yKw
I want to learn to solve complicated questions	Interview Question: Tell me about a time you handled a difficult situation	You'll definitely encounter this question during your next interview, so make sure you know how to answer it! For more career tips, visit http://careerly.co.	T7qvWrbXKG8
I want to learn to solve complicated questions	Think Small to Solve Big Problems, with Stephen Dubner	Stephen Dubner talks about the importance of thinking small in order to tackle some of the world's biggest problems piece by piece. Dubner is the co-author of ...	fypkPgeQxBQ
I want to learn to solve complicated questions	Best answer to: "Most Difficult Problem You Faced."	What is the most difficult situation you have faced? Could you describe a difficult problem and how you dealt with it? This question is sure to come up and though ...	KJhjncZM3LY
I want to learn to solve complicated questions	You're Not Bad At Math, You're Just Lazy	DNews Audience Survey http://dne.ws/1dLMDtq Everyone's heard someone say that they're "just not a math person." But don't believe them... it's a lie!	tg0Z--pmPog
I want to learn to solve complicated questions	Solving Genetics Problems	Help with basic genetics problems, including the use of the Punnett square and rules of probability to solve monohybrid, dihybrid and even - wait for it - YES, the ...	Qcmdb25Rnyo
I want to learn to solve complicated questions	Questions No One Knows the Answers to (Full Version)	In the first of a new TED-Ed series designed to catalyze curiosity, TED Curator Chris Anderson shares his boyhood obsession with quirky questions that seem to ...	7SWvDHvWXok
I want to learn to solve complicated questions	Can you solve the bridge riddle? - Alex Gendler	View full lesson: https://ed.ted.com/lessons/can-you-solve-the-bridge-riddle-alex-gendler Taking that internship in a remote mountain lab might not have been ...	7yDmGnA8Hw0
What do I need to know about geometry for SAT Math?	9 - SAT Math Review: Geometry	Use promo code: "YouTubeGuru" for 10% off your tutoring sessions at http://www.SkypeTestPrep.com Try a Free Class - http://bit.ly/FreeSATClass OUR ...	Vktpqe-OST8
What do I need to know about geometry for SAT Math?	SAT Math Test Prep Online Crash Course Algebra & Geometry Study Guide Review, Functions,Youtube	This online sat math test prep review youtube video tutorial will help you to learn the fundamentals behind the main concepts that are routinely covered on the ...	yBCAv_NzzPQ
What do I need to know about geometry for SAT Math?	The Geometry Formulas You'll Need to Know for the ACT	ACE the ACT | If you're studying for the ACT, then you probably already know that the ACT does not provide you with formulas during the Math Section. In this ...	LwiWzc8i9fU
What do I need to know about geometry for SAT Math?	Geometry Introduction, Basic Overview - Review For SAT, ACT, EOC, math lessons, Midterm / Final Exam	This geometry review tutorial provides a basic introduction into common topics taught in geometry such as angles and measurement, area, perimeter, volume, ...	w8wdKOsUD-4
What do I need to know about geometry for SAT Math?	SAT Math Prep: Tackling Geometry	Navigating through Geometry questions can be tricky. It all comes down to breaking the problem (and shapes) down into pieces. Download the FREE ...	m_Fys4id8Sc
What do I need to know about geometry for SAT Math?	SAT Geometry: Tackling Triangles & Circles in the Same Problem	SAT: Study and Triumph | SAT geometry questions are complicated. These questions won't ask you to simply use one concept to answer them ‚Äì you'll need use ...	lfp5h4so2UI
What do I need to know about geometry for SAT Math?	Right triangle geometry ‚Äî Harder example | Math | New SAT | Khan Academy	Watch Sal work through a harder Right triangle geometry problem. Watch the next lesson: ...	hJrJJQ6myYA
What do I need to know about geometry for SAT Math?	Right triangle geometry ‚Äî Basic example | Math | New SAT | Khan Academy	Watch Sal work through a basic Right triangle geometry problem. Watch the next lesson: ...	WOU_jV8d5VU
What do I need to know about geometry for SAT Math?	SAT Math - Geometry and Triangle Side Lengths	SAT geometry problem involving the lengths of sides of a triangle. I solve this using the "eyeball measure" method as well as with standard geometry.	w_XOZ9kAMNc
What do I need to know about geometry for SAT Math?	Geometry Exam Review	About 50 General Geometry Problems rapidly worked out in this self-test.	XkowCCO4Y6Q
Tutorial on slope intercept form of a line	What is the Slope Intercept Form of a Line - How to Graph a Line Using Slope Intercept Form	This tutorial explains the slope intercept form of a line. It explains how to use the y-intercept and the slope to graph a line. It provides two examples, which show ...	rYJzG_tiBbQ
Tutorial on slope intercept form of a line	What is Slope Intercept Form of a Line , y = mx + b , Intermediate Algebra , Lesson 65	In this tutorial, I explain the slope intercept form of a line and give some introductory examples of how to sketch lines in slope intercept form. Need More Algebra ...	Cl4P-YMEuIs
Tutorial on slope intercept form of a line	Slope-intercept form | Algebra I | Khan Academy	Slope-intercept form Practice this lesson yourself on KhanAcademy.org right now: ...	IL3UCuXrUzE
Tutorial on slope intercept form of a line	Slope Intercept Form - MathHelp.com - Algebra Help	For a complete lesson on slope-intercept form, go to http://www.MathHelp.com - 1000+ online math lessons with your own personal math teacher! In this lesson ...	WQyvskZSCJg
Tutorial on slope intercept form of a line	Slope Intercept Form y=mx+b, Point Slope & Standard Form, Equation of Line, Parallel & Perpendicular	This algebra video tutorial shows you how to write and graph linear equations in slope intercept form, point slope form, and standard form. It also discusses ...	u8qOGGws5C4
Tutorial on slope intercept form of a line	Graphing Lines in Slope-Intercept form y=mx+b	I introduce how to graph a line in slope intercept form. I also discuss graphing vertical and horizontal lines. Please check out my other lessons about Linear ...	xyVJZKu7Euw
Tutorial on slope intercept form of a line	How to Use the Point Slope Form of a Line - How to Find a Line With a Point and a Slope	This tutorial shows how to find a line, given a point and a slope by using the point slope formula. The line is then solved in slope intercept form and sketched.	0bqr9Fo3Qi8
Tutorial on slope intercept form of a line	Writing Linear Equations: Slope-Intercept Form [fbt]	This video by Fort Bend Tutoring shows the process of writing the equation of a line in slope-intercept form. Seven (7) examples are shown in this slope intercept ...	ZV3SGp2SJuU
Tutorial on slope intercept form of a line	Finding the Equation of a Line in Slope-Intercept Form	SALE TODAY: Learn Piano on iOS http://bit.ly/PianoAppSale http://www.mahalo.com/finding-the-equation-of-a-line-in-slope-intercept-form Need help reviewing ...	3t7E8PTfey0
Tutorial on slope intercept form of a line	Slope-Intercept Form y=mx+b // TarverAcademy.com	I'll TUTOR YOU IN MATH FO FREE! Free lessons @ http://tarveracademy.com Videos - http://youtube.com/tylertarver Math Videos ...	u3spOO-m_Gg
Can you show me a video on how to solve basic equations?	Algebra Basics: Solving Basic Equations Part 2 - Math Antics	This video shows students how to solve simple 1-step Algebra equations involving only multiplication or division. Part of the Algebra Basics Series: ...	Qyd_v3DGzTM
Can you show me a video on how to solve basic equations?	Algebra Basics: Solving Basic Equations Part 1 - Math Antics	This video shows students how to solve simple 1-step Algebra equations involving only addition or subtraction. Part of the Algebra Basics Series: ...	l3XzepN03KQ
Can you show me a video on how to solve basic equations?	Algebra Basics: Solving 2-Step Equations - Math Antics	There was a confusing example in the original video. This is the updated version. This video shows students how to solve 2-step Algebra equations involving ...	LDIiYKYvvdA
Can you show me a video on how to solve basic equations?	How to Solve Basic Equations (first step to understand algebra)	John Zimmerman, http://www.tabletclass.com shows students the basic concepts and steps to solve equations in algebra. The linear equations he focuses on ...	Zak7ghsbE2o
Can you show me a video on how to solve basic equations?	Solving Linear Equations Made Easy!	In this video I show the basic method of solving a linear equation.	GmMX3-nTWbE
Can you show me a video on how to solve basic equations?	How to Solve One-Step Equations	This is 2 of 4 videos I custom made for an educator in California for an experimental 1-week video homework program. I have only performed minor editing (so a ...	JrolgDL5v3w
Can you show me a video on how to solve basic equations?	Math Rap Dougie - Teach Me How to Solve It (Equations)	Remix/Parody of "Teach Me How to Dougie" by Cali Swag District on Solving Equations Monroe Middle School - NC 8th Grade Class 2012.	oIxxqztQz3Y
Can you show me a video on how to solve basic equations?	‚ù§Ô∏é¬≤ Solving Systems of Equations... Elimination Method (mathbff)	MIT grad shows how to use the elimination method to solve a system of linear equations (aka. simultaneous equations). More videos with Nancy coming in 2017!	8kRG7jlBMAY
Can you show me a video on how to solve basic equations?	Simple equations: examples solving a variety of forms | Linear equations | Algebra I | Khan Academy	Some quick examples to practice solving a variety of one step equations. All 4 operations (add, subtract, multiple, divide) are paired with variables. Practice this ...	9DxrF6Ttws4
Can you show me a video on how to solve basic equations?	Algebra 37 - Solving Systems of Equations by Elimination	Systems of two equations in x and y can be solved by adding the equations to create a new equation with one variable eliminated. This new equation can then ...	Tkrqrfkznoo
circles videos	Pusha T - Circles Feat. Ty Dolla $ign & Desiigner (Official Audio)	Stream Pusha T's "Circles": http://smarturl.it/rCircles Download "Circles": http://smarturl.it/dCircles Spotify: http://smarturl.it/sCircles Apple Music: ...	9rQU2rR4fsU
circles videos	Best Parkour and Freerunning	Extreme Parkour and Freerunning ‚Äî Enjoy the video. Rate, Comment, Share... Thanx Subscribe for new compilations: http://goo.gl/X017T If your Video is in this ...	yMmrDpsYr0s
circles videos	Circle Of Love | Rudy Mancuso	WATCH MY PREVIOUS VIDEO ‚ñ∑ https://www.youtube.com/watch?v=6gu_4W9XfRg&t=15s&index=1&list=PLEKh8p2zZRX8n_b_7iYZbvyT5qLXc2QE7 ...	z8eFzkfto2w
circles videos	SD - "Circles" [Official Video]	Purchase "Truly Blessed" on iTunes Now: http://bit.ly/1nxcmhW Purchase the CD now: http://bit.ly/1EKNtlw You are now watching the official music video for ...	XAaGD3PEFZ8
circles videos	Math Antics - Circles, Circumference And Area	Learn More at mathantics.com Visit http://www.mathantics.com for more Free math videos and additional subscription based content!	O-cawByg2aA
circles videos	Pierce The Veil - Circles	ITUNES: http://smarturl.it/ptvmisadventures MERCH: http://www.ptvmerch.com CD/LP: http://piercetheveil.merchnow.com/ SPOTIFY: http://spoti.fi/2bn7smG New ...	tNqOEt5ptr4
circles videos	Vanic X Machineheart - Circles	Watch the original music video for this! https://youtu.be/MwCCIvog-mw An infectious little tune. Download... http://smarturl.it/machineheartCircles Listen on ...	PaFhTYPFG1Y
circles videos	Crime Mob - Circles (Video)	2007 WMG Circles (Video)	gveKzSOalRY
circles videos	FELLA - CIRCLES ( OFFICIAL HD MUSIC VIDEO )	FELLA - CIRCLES ( OFFICIAL HD MUSIC VIDEO ) DOWNLOAD NOW ON DATPIFF.	DAPhynjfvSQ
Video on solving quadratic equations	Solving Quadratic Equations by Factoring - Basic Examples	Need a LIVE tutor to help answer a question? Check out the people at http://www.tutor.com/signup?	SDe-1lGeS0U
Video on solving quadratic equations	‚ù§Ô∏é¬≤ How to Solve Quadratic Equations by Factoring (mathbff)	MIT grad shows how to solve any quadratic equation by factoring. To skip to the shortcut trick, go to time 6:11. More videos with Nancy coming in 2017!	IKyUuvulIbk
Video on solving quadratic equations	Solve Quadratic Equations using Quadratic Formula	Visit http://MathMeeting.com for Free videos on the quadratic formula and all other topics in algebra.	3ayhvAI3IeY
Video on solving quadratic equations	Solving a quadratic equation by factoring | Algebra II | Khan Academy	Practice this lesson yourself on KhanAcademy.org right now: ...	2ZzuZvz33X0
Video on solving quadratic equations	Solving Quadratic Equations - Factoring and Using the Quadratic Formula	Solving Quadratic Equations - Factoring and Using the Quadratic Formula. For more free math videos, check out http://justmathtutoring.com and click on the ...	6edth-ZEpKo
Video on solving quadratic equations	‚ùñ Completing the Square - Solving Quadratic Equations ‚ùñ	Extra Examples : http://www.youtube.com/watch?v=zKV5ZqYIAMQ&feature=relmfu http://www.youtube.com/watch?v=Q0IPG_BEnTo Another Example: Thanks ...	xGOQYTo9AKY
Video on solving quadratic equations	Solving quadratic equations by factoring	Solving quadratic equations by factoring, step by step, example. Learn how to solve quadratic equations by factoring, at http://MathMeeting.com.	g6RnAY_VkMs
Video on solving quadratic equations	Using the Quadratic Formula	Using the Quadratic Formula to find solutions to quadratic equations! Two full examples along with the formula are shown! For more free math videos visit ...	EeVqtpuMFOU
Video on solving quadratic equations	Algebra - Quadratic Formula	"This is a story about a negative boy... who couldn't decide to go to a radical party..." for more info about this story, watch the video, YAY MATH! Visit yaymath.org ...	velArLW85MU
Video on solving quadratic equations	Quadratic Equations	You will learn about "Solving Quadratic equations using Quadratic formula" in this video. There are several methods for solving quadratic equations, but ...	drcVCRGX40w
Let's study about polygons	Quadrilaterals Song For Kids ‚ãÜ Geometry Video by NUMBEROCK	1. VIDEO'S LESSON PLAN: https://www.teacherspayteachers.com/Product/Quadrilaterals-HD-Music-Video-Anchor-Chart-Worksheets-Word-Problems--2264601 ...	WMkY_uIku9Q
Let's study about polygons	Polygon Song Video	Download the Shape Videos: http://havefunteaching.com/videos/shape-videos/ Download the Shape Songs: http://havefunteaching.com/songs/shape-songs/ ...	69lfTURDles
Let's study about polygons	Regular polygons-Geometric Shapes-Geometry-MooMooMath	Geometry Teachers Never Spend Time Trying to Find Materials for Your Lessons Again! Join Our Geometry Teacher Community Today!	7kwZSPMB9Do
Let's study about polygons	Parallelogram on the coordinate plane | Geometry | 6th grade | Khan Academy	Remember our discussion of the coordinate plane? Sure you do! Let's graph the given coordinates of three of the polygon vertices, and find where the 4th vertex ...	8ToCxaB7EOE
Let's study about polygons	Geometry: Lines & Angles Songs For Kids | 3rd Grade - 5th Grade	1. Check our our Geometry Unit Lesson Plans ‚ñ∑ https://www.teacherspayteachers.com/Product/Geometry-Unit-2459996 ‚óÅ Safe Link 2. Get all our ad-free ...	zJJiF-dVYTc
Let's study about polygons	Polygons by Shmoop	"Polygon" - it's not just something we say when our pet parrot escapes through the kitchen window. Curious to find out what angle these guys are playing?	GdJEh7p0e3E
Let's study about polygons	Parallel, Perpendicular & Intersecting Lines Song by NUMBEROCK	1. NUMBEROCK's Lines Lesson Plan ...	P3AOoLbA3us
Let's study about polygons	Introduction to types of quadrilaterals | 3th grade | Khan Academy	Discover attributes and features of four-sided shapes, including parallelograms, rhombuses, rectangles, and squares. Practice this lesson yourself on ...	H-ykHosJW9c
Let's study about polygons	Sum of interior angles of a polygon | Angles and intersecting lines | Geometry | Khan Academy	Showing a generalized way to find the sum of the interior angles of any polygon Practice this lesson yourself on KhanAcademy.org right now: ...	qG3HnRccrQU
Let's study about polygons	Quadrilaterals: kites as a geometric shape | Quadrilaterals | Geometry | Khan Academy	Is a kite a quadrilateral? Is it a rhombus? A parallelogram? Let's find out. Practice this lesson yourself on KhanAcademy.org right now: ...	inlMrf2d-k4
How to solve linear equations in two variables?	Algebra I Help: Linear Equations in Two Variables Part I	http://www.greenemath.com/ In this video, we cover the basic definition of a linear equation in two variables. This is an equation that can be written in the form of: ...	hPlYA6RlvAQ
How to solve linear equations in two variables?	Two-variable linear equations and their graphs | Algebra I | Khan Academy	Introduction to 2-variable linear equations and their graphs Watch the next lesson: ...	AOxMJRtoR2A
How to solve linear equations in two variables?	Algebra I Lesson 13: Linear Equations in two Variables	http://www.greenemath.com/ http://www.facebook.com/mathematicsbyjgreene In this video, we learn the basics of a linear equation in one variable. We learn the ...	Og1RIsZnhN0
How to solve linear equations in two variables?	Video Tutorial Solving Systems of Linear Equations with TWO Unknowns (Variables)	This is a video tutorial on how to solve systems of linear equations with two unknowns (variables). In this video I showed one way to solve systems of linear ...	imFwcx41B1k
How to solve linear equations in two variables?	How To  Solve Linear Equations In Two Variables | Elimination Method	Subscribe Happy Learning : http://goo.gl/WSgjcw Google+ : google.com/+HappyLearning Homepage : youtube.com/c/HappyLearning twitter ...	iEdyoP0En3c
How to solve linear equations in two variables?	Algebra I Lesson 22: Solving Systems of Linear Equations by Substitution	http://www.greenemath.com/ http://www.facebook.com/mathematicsbyjgreene In this video, we learn how to solve a system of linear equations in two variables ...	pvy1r1soht8
How to solve linear equations in two variables?	Algebra II Main Lesson VI.1: Linear Equations in two Variables	http://www.greenemath.com/ http://www.facebook.com/mathematicsbyjgreene In this video, we introduce the concept of a linear equation in two variables written ...	iiwY1qxsmR0
How to solve linear equations in two variables?	How to Solve Linear Equations With Variables on Both Sides : Linear Algebra Education	Subscribe Now: http://www.youtube.com/subscription_center?add_user=ehoweducation Watch More: http://www.youtube.com/ehoweducation Solving linear ...	wShnYemIr28
How to solve linear equations in two variables?	Solving a Linear Equation with Variables on Both Sides of the Equation, Ex 1	Solving a Linear Equation with Variables on Both Sides of the Equation, Ex 1.	76E9K3JzjDM
How to solve linear equations in two variables?	How to Solve Linear Equations In Two Variables | Substitution Method	Subscribe Happy Learning : http://goo.gl/WSgjcw Google+ : google.com/+HappyLearning Homepage : youtube.com/c/HappyLearning twitter ...	N60A_anr1ds
